<?xml version="1.0" encoding="UTF-8" ?>
<PuntoSwitcherSettings version="8">
    <PuntoHotkeys>19,275,1043,1169,0,0,1872,0,0,0,0,0,0,0,0,0,0,283,0,0,0,0,0,0,4694,0</PuntoHotkeys>
    <LayoutSwitchKey>0</LayoutSwitchKey>
    <SeparateLangCombination>0</SeparateLangCombination>
    <TransparentFormsFiller>0</TransparentFormsFiller>
    <CheckForUpdate>No</CheckForUpdate>
    <RunAtStartup>Yes</RunAtStartup>
    <DontConvertCapitals>Yes</DontConvertCapitals>
    <DontShowTrayIcon>Yes</DontShowTrayIcon>
    <ChangeIconClrOnMisprint>No</ChangeIconClrOnMisprint>
    <ShowCurLayoutInWndIcon>No</ShowCurLayoutInWndIcon>
    <ShowPopupOnException>Yes</ShowPopupOnException>
    <ExceptionCount>2</ExceptionCount>
    <FixTwoUpperLetters>No</FixTwoUpperLetters>
    <FixInvertedCase>No</FixInvertedCase>
    <ShowLayoutFlags>No</ShowLayoutFlags>
    <OneKeySwitchLayoutEnabled>No</OneKeySwitchLayoutEnabled>
    <BinarySwitchLayout>No</BinarySwitchLayout>
    <DisablePreHandle>No</DisablePreHandle>
    <AllSoundsEnabled>No</AllSoundsEnabled>
    <FirstLaunch>No</FirstLaunch>
    <SeparateLangKeysEnabled>No</SeparateLangKeysEnabled>
    <ShowQuickWordsListInLeftBtnMenu>Yes</ShowQuickWordsListInLeftBtnMenu>
    <DontReactOnOtherLangs>No</DontReactOnOtherLangs>
    <SingleLayout>No</SingleLayout>
    <ShowTooltips>No</ShowTooltips>
    <EnableDiary>Yes</EnableDiary>
    <DiarySkipSepWords>No</DiarySkipSepWords>
    <ScrollAsCaps>No</ScrollAsCaps>
    <HidePopIndicAfterLayoutChange>No</HidePopIndicAfterLayoutChange>
    <PSWorks>No</PSWorks>
    <DisableHotKeysWhenTurnedOff>No</DisableHotKeysWhenTurnedOff>
    <FixPopupIndicator>No</FixPopupIndicator>
    <ShowUsefulTips>No</ShowUsefulTips>
    <EnableIntelliMenus>No</EnableIntelliMenus>
    <AutoReplaceAlways>Yes</AutoReplaceAlways>
    <TurnOffDiaryInProgExceptions>No</TurnOffDiaryInProgExceptions>
    <ShowFormsFiller>No</ShowFormsFiller>
    <ReplaceOnEnterAndTab>Yes</ReplaceOnEnterAndTab>
    <ReplaceOnSpace>No</ReplaceOnSpace>
    <DontShowTranslitWin>Yes</DontShowTranslitWin>
    <FullUnhookWhenDisabled>No</FullUnhookWhenDisabled>
    <EnableClipboardHistory>No</EnableClipboardHistory>
    <PersistentClipboardHistory>No</PersistentClipboardHistory>
    <AutoSaveClipboardToDiary>Yes</AutoSaveClipboardToDiary>
    <EnableMouseEmulation>No</EnableMouseEmulation>
    <DisableCapsLock>No</DisableCapsLock>
    <PopupIndicatorPos>CPoint(300, 300)</PopupIndicatorPos>
    <FormsFillerRect>CRect(100, 100, 350, 550)</FormsFillerRect>
    <RestrictKeysEnabled>No,No,No,No,No,No,No</RestrictKeysEnabled>
    <MinDiaryRecordWords>1</MinDiaryRecordWords>
    <CurrentAdviceNum>0</CurrentAdviceNum>
    <DontSwitchOnOtherLangs>No</DontSwitchOnOtherLangs>
    <Sounds>D:\PROGRAM PAPKA\Portable\Punto Switcher v3.2.9 Build 240 RePack by elchupakabra Rus\Punto Switcher\Sounds\typerus.wav,D:\PROGRAM PAPKA\Portable\Punto Switcher v3.2.9 Build 240 RePack by elchupakabra Rus\Punto Switcher\Sounds\typeeng.wav,D:\PROGRAM PAPKA\Portable\Punto Switcher v3.2.9 Build 240 RePack by elchupakabra Rus\Punto Switcher\Sounds\switch.wav,D:\PROGRAM PAPKA\Portable\Punto Switcher v3.2.9 Build 240 RePack by elchupakabra Rus\Punto Switcher\Sounds\misprint.wav,D:\PROGRAM PAPKA\Portable\Punto Switcher v3.2.9 Build 240 RePack by elchupakabra Rus\Punto Switcher\Sounds\ru.wav,D:\PROGRAM PAPKA\Portable\Punto Switcher v3.2.9 Build 240 RePack by elchupakabra Rus\Punto Switcher\Sounds\en.wav,D:\PROGRAM PAPKA\Portable\Punto Switcher v3.2.9 Build 240 RePack by elchupakabra Rus\Punto Switcher\Sounds\reverse.wav,D:\PROGRAM PAPKA\Portable\Punto Switcher v3.2.9 Build 240 RePack by elchupakabra Rus\Punto Switcher\Sounds\switch.wav,D:\PROGRAM PAPKA\Portable\Punto Switcher v3.2.9 Build 240 RePack by elchupakabra Rus\Punto Switcher\Sounds\switch.wav,D:\PROGRAM PAPKA\Portable\Punto Switcher v3.2.9 Build 240 RePack by elchupakabra Rus\Punto Switcher\Sounds\switch.wav,D:\PROGRAM PAPKA\Portable\Punto Switcher v3.2.9 Build 240 RePack by elchupakabra Rus\Punto Switcher\Sounds\switch.wav,D:\PROGRAM PAPKA\Portable\Punto Switcher v3.2.9 Build 240 RePack by elchupakabra Rus\Punto Switcher\Sounds\switch.wav,D:\PROGRAM PAPKA\Portable\Punto Switcher v3.2.9 Build 240 RePack by elchupakabra Rus\Punto Switcher\Sounds\switch.wav,D:\PROGRAM PAPKA\Portable\Punto Switcher v3.2.9 Build 240 RePack by elchupakabra Rus\Punto Switcher\Sounds\switch.wav,D:\PROGRAM PAPKA\Portable\Punto Switcher v3.2.9 Build 240 RePack by elchupakabra Rus\Punto Switcher\Sounds\switch.wav,D:\PROGRAM PAPKA\Portable\Punto Switcher v3.2.9 Build 240 RePack by elchupakabra Rus\Punto Switcher\Sounds\replace.wav</Sounds>
    <SoundsStates>98304003,131072003,163840003,45875203,65536003,131072003,131072003,131072003,131072003,131072003,131072003,98304003,111411203,124518403,32768003,26214403</SoundsStates>
    <AskF12Support>No</AskF12Support>
    <ShowLayoutFlagsAlwaysInColor>No</ShowLayoutFlagsAlwaysInColor>
    <DoubleBackSpaceAction>0</DoubleBackSpaceAction>
    <ShareHotKeyForUndoConvertAndSelectionConvert>No</ShareHotKeyForUndoConvertAndSelectionConvert>
    <LastShownAdviceTime>0</LastShownAdviceTime>
    <DiarySaveDays>0</DiarySaveDays>
    <DetectPasswords>No</DetectPasswords>
    <FolderExceptions />
    <ProgramsExceptions />
    <TitlesExceptions />
</PuntoSwitcherSettings>
